{
  "metadata": {
    "model_path": "models/unified/semantic_seed123",
    "test_data_path": "data/test_rewritten.jsonl",
    "n_examples": 230,
    "n_layers": 24,
    "exit_layers": [
      11,
      14,
      15,
      16,
      17,
      18,
      20,
      23
    ]
  },
  "per_layer": {
    "11": {
      "accuracy": 0.47391304347826085,
      "auc": 0.4907877776935325,
      "mean_latency_ms": 24.40666700983285,
      "p50_latency_ms": 24.26751353777945,
      "p95_latency_ms": 25.016062729991972,
      "mean_confidence": 0.8958229829435763,
      "depth_pct": 50.0,
      "layers_used": 12,
      "layers_skipped": 12
    },
    "14": {
      "accuracy": 0.782608695652174,
      "auc": 0.9736901963757677,
      "mean_latency_ms": 28.986499635367718,
      "p50_latency_ms": 29.269489149252575,
      "p95_latency_ms": 29.95450134233882,
      "mean_confidence": 0.7040391639522884,
      "depth_pct": 62.5,
      "layers_used": 15,
      "layers_skipped": 9
    },
    "15": {
      "accuracy": 0.7913043478260869,
      "auc": 0.9796042156342407,
      "mean_latency_ms": 30.71012925626575,
      "p50_latency_ms": 30.94712792274853,
      "p95_latency_ms": 31.829011657585703,
      "mean_confidence": 0.8171234872030175,
      "depth_pct": 66.66666666666666,
      "layers_used": 16,
      "layers_skipped": 8
    },
    "16": {
      "accuracy": 0.9,
      "auc": 0.9851391310940936,
      "mean_latency_ms": 32.47574128116063,
      "p50_latency_ms": 32.61562157422304,
      "p95_latency_ms": 33.52789257963499,
      "mean_confidence": 0.8798960988936217,
      "depth_pct": 70.83333333333334,
      "layers_used": 17,
      "layers_skipped": 7
    },
    "17": {
      "accuracy": 0.9130434782608695,
      "auc": 0.9857456971718858,
      "mean_latency_ms": 34.07388448013344,
      "p50_latency_ms": 34.358940863360964,
      "p95_latency_ms": 35.26097129409512,
      "mean_confidence": 0.8836120281530463,
      "depth_pct": 75.0,
      "layers_used": 18,
      "layers_skipped": 6
    },
    "18": {
      "accuracy": 0.9217391304347826,
      "auc": 0.9855940556524376,
      "mean_latency_ms": 35.71449141895426,
      "p50_latency_ms": 35.98818019963801,
      "p95_latency_ms": 36.8717129342258,
      "mean_confidence": 0.9353763544041177,
      "depth_pct": 79.16666666666666,
      "layers_used": 19,
      "layers_skipped": 5
    },
    "20": {
      "accuracy": 0.8565217391304348,
      "auc": 0.9864659943892637,
      "mean_latency_ms": 39.013494732047334,
      "p50_latency_ms": 39.34224982125063,
      "p95_latency_ms": 40.217505721375346,
      "mean_confidence": 0.9276714928772138,
      "depth_pct": 87.5,
      "layers_used": 21,
      "layers_skipped": 3
    },
    "23": {
      "accuracy": 0.9391304347826087,
      "auc": 0.9858973386913338,
      "mean_latency_ms": 43.94936694129221,
      "p50_latency_ms": 44.480293445910014,
      "p95_latency_ms": 45.118548325262964,
      "mean_confidence": 0.9710658560628477,
      "depth_pct": 100.0,
      "layers_used": 24,
      "layers_skipped": 0
    }
  },
  "full_forward": {
    "accuracy": 0.9391304347826087,
    "auc": 0.9858973386913338,
    "mean_latency_ms": 43.98096588143296,
    "p50_latency_ms": 44.4899919287612,
    "p95_latency_ms": 45.21138872951269
  }
}